INSTANCE,STATE,WCTIME,CPUTIME,USERTIME,SYSTEMTIME,CPUUSAGE,MAXVM
1->1,1,0.033898,0,0,0,0,0
1->2,0,0.0241601,0,0,0,0,0
1->3,0,0.0341141,0,0,0,0,0
2->1,1,0.024188,0,0,0,0,0
2->2,1,0.0380201,0,0,0,0,0
2->3,1,0.034596,0,0,0,0,0
3->1,1,0.0338891,0.004,0,0.004,11.8032,0
3->2,0,0.027682,0,0,0,0,0
3->3,1,0.0311219,0,0,0,0,0
