INSTANCE,STATE,WCTIME,CPUTIME,USERTIME,SYSTEMTIME,CPUUSAGE,MAXVM
1->1,1,0.0320569,0.004,0,0.004,12.4778,0
1->2,0,0.042531,0.004,0.004,0,9.40491,0
1->3,0,0.032305,0.004,0.004,0,12.382,0
2->1,1,0.027638,0,0,0,0,0
2->2,1,0.037743,0,0,0,0,0
2->3,1,0.035488,0.004,0.004,0,11.2714,0
3->1,1,0.0418081,0.004,0.004,0,9.56752,0
3->2,0,0.0460131,0.004,0.004,0,8.69318,0
3->3,1,0.026952,0,0,0,0,0
