INSTANCE,STATE,WCTIME,CPUTIME,USERTIME,SYSTEMTIME,CPUUSAGE,MAXVM
1->1,1,0.0459119,0.008,0.004,0.004,17.4247,17516
1->2,1,0.0474929,0.008,0.008,0,16.8446,0
1->3,1,0.078129,0.02,0.02,0,25.5987,17516
1->4,1,0.129779,0.044,0.044,0,33.9038,17516
1->5,1,0.230109,0.096,0.088,0.008,41.7194,17648
2->1,0,0.0509799,0.008,0.008,0,15.6925,0
2->2,1,0.110481,0.04,0.04,0,36.2053,17516
2->3,1,0.247821,0.112,0.112,0,45.1939,17648
2->4,1,0.394656,0.264,0.264,0,66.8937,17648
2->5,1,0.793906,0.616,0.612,0.004,77.5911,18292
3->1,0,0.073903,0.02,0.02,0,27.0625,17516
3->2,0,0.252917,0.144,0.14,0.004,56.9357,17648
3->3,1,0.768008,0.588,0.584,0.004,76.5617,18232
3->4,1,2.01732,1.74,1.724,0.016,86.2532,86472
3->5,1,5.12062,4.552,4.536,0.016,88.8955,144072
4->1,0,0.158363,0.064,0.064,0,40.4135,17648
4->2,0,0.72722,0.548,0.544,0.004,75.3555,18232
4->3,0,3.12385,2.728,2.716,0.012,87.3282,133208
4->4,1,17.7315,16.548,16.492,0.056,93.3255,304016
4->5,1,43.2631,42.092,41.948,0.144,97.2931,883972
5->1,0,0.262485,0.168,0.168,0,64.0037,17648
5->2,0,2.57431,2.24,2.22,0.02,87.0136,91596
5->3,0,15.6709,14.812,14.724,0.088,94.5189,592888
5->4,0,71.8169,69.964,69.204,0.76,97.42,1753876
5->5,3,99.3827,98.12,97.736,0.384,98.7295,2172356
